artista,album,tipo,fecha_lanzamiento,precision_fecha,total_tracks,anio
Arde Bogotá,Antiaéreo,single,2020-03-02,day,1,2020
Arde Bogotá,Big Bang,single,2020-03-06,day,1,2020
Arde Bogotá,Quiero Casarme Contigo,single,2020-05-08,day,1,2020
Arde Bogotá,El Tiempo y la Actitud,single,2020-06-12,day,5,2020
Arde Bogotá,Abajo,single,2020-10-29,day,1,2020
Arde Bogotá,Millennial,single,2021-03-05,day,1,2021
Arde Bogotá,Cariño,single,2021-04-29,day,1,2021
Arde Bogotá,LA NOCHE,album,2021-05-07,day,10,2021
Arde Bogotá,Mi Carro,single,2021-09-28,day,1,2021
Arde Bogotá,Sin Vergüenza,single,2022-07-07,day,1,2022
Arde Bogotá,Los Perros,single,2023-01-26,day,1,2023
Arde Bogotá,Cowboys de la A3,single,2023-03-10,day,1,2023
Arde Bogotá,Qué Vida Tan Dura,single,2023-04-27,day,1,2023
Arde Bogotá,COWBOYS DE LA A3,album,2023-05-12,day,12,2023
Arde Bogotá,Los Perros (Andres Campo & K-Style Remix),single,2023-06-23,day,1,2023
Arde Bogotá,La Salvación,single,2024-04-10,day,1,2024
Arde Bogotá,De vuelta a casa,single,2024-05-10,day,1,2024
Arde Bogotá,La Torre Picasso,single,2024-09-13,day,1,2024
Arde Bogotá,Flores de Venganza,single,2024-11-22,day,1,2024
Arde Bogotá,Guitarras Blancas,single,2026-05-01,day,1,2026
Arde Bogotá,Instrucciones,single,2026-05-08,day,1,2026
Arde Bogotá,Bigger Splash,single,2026-07-08,day,1,2026
Carolina Durante,La Noche de los Muertos Vivientes,single,2017-10-20,day,1,2017
Carolina Durante,Necromántico,single,2017-12-22,day,3,2017
Carolina Durante,Cayetano,single,2018-03-07,day,1,2018
Carolina Durante,Niña de Hielo,single,2018-04-18,day,1,2018
Carolina Durante,Examiga,single,2018-05-04,day,3,2018
Carolina Durante,El Himno Titular,single,2018-06-25,day,1,2018
Carolina Durante,Perdona (Ahora Sí Que Sí),single,2018-11-23,day,1,2018
Carolina Durante,"Joder, No Sé",single,2019-03-08,day,1,2019
Carolina Durante,Las Canciones De Juanita,single,2019-03-26,day,1,2019
Carolina Durante,Carolina Durante,album,2019-04-26,day,10,2019
Carolina Durante,No Tan Jóvenes,single,2019-12-27,day,2,2019
Carolina Durante,Del Horno A La Boca,single,2020-08-27,day,3,2020
Carolina Durante,Espacio Vacío,single,2020-12-18,day,1,2020
Carolina Durante,Famoso en tres calles,single,2021-05-26,day,1,2021
Carolina Durante,Moreno de contrabando,single,2021-07-15,day,1,2021
Carolina Durante,10,single,2021-08-12,day,1,2021
Carolina Durante,La planta que muere en la esquina,single,2021-10-27,day,1,2021
Carolina Durante,Granja escuela,single,2022-01-25,day,1,2022
Carolina Durante,Cuatro Chavales,album,2022-01-27,day,12,2022
Carolina Durante,Salvaje Pasión,single,2022-04-14,day,1,2022
Carolina Durante,Casa Kira,single,2022-09-14,day,1,2022
Carolina Durante,"Marta, Sebas, Guille y los demás",single,2023-05-29,day,1,2023
Carolina Durante,Ya no hay verano,single,2023-06-29,day,1,2023
Carolina Durante,Markusiano,single,2023-06-29,day,1,2023
Carolina Durante,Joderse La Vida,single,2024-06-27,day,1,2024
Carolina Durante,Yo pensaba que me había tocado Dios,single,2024-07-11,day,1,2024
Carolina Durante,Misil,single,2024-09-26,day,1,2024
Carolina Durante,De viaje,single,2024-10-21,day,1,2024
Carolina Durante,Hamburguesas,single,2024-10-22,day,1,2024
Carolina Durante,Elige Tu Propia Aventura,album,2024-10-24,day,13,2024
Dorian,Solar,single,2003-09-05,day,3,2003
Dorian,10.000 Metrópolis (Edición Deluxe),album,2004-11-30,day,17,2004
Dorian,10.000 Metrópolis,album,2004-11-30,day,9,2004
Dorian,El Futuro No Es De Nadie,album,2007-02-26,day,11,2007
Dorian,Paraísos Artificiales,single,2009-08-30,day,2,2009
Dorian,La Ciudad Subterránea,album,2009-09-13,day,10,2009
Dorian,La Tormenta De Arena (3Msc),single,2010-12-27,day,3,2010
Dorian,Los Amigos Que Perdi,single,2013-02-18,day,1,2013
Dorian,La Velocidad Del Vacío,album,2013-03-04,day,10,2013
Dorian,Armas para Volar,single,2014-10-07,day,1,2014
Dorian,Cualquier Otra Parte,single,2015-03-05,day,1,2015
Dorian,Arrecife,single,2015-03-05,day,1,2015
Dorian,Los Amigos Que Perdí,single,2015-03-24,day,1,2015
Dorian,Diez Años y un Día,album,2015-04-13,day,13,2015
Dorian,Verte Amanecer (En Directo en Arenal Sound),single,2016-06-10,day,1,2016
Dorian,Paraísos Artificiales (En Directo en Arenal Sound),single,2016-06-17,day,1,2016
Dorian,El Temblor (En Directo en Arenal Sound),single,2016-06-24,day,1,2016
Dorian,En Arenal Sound: Diez Años en un Día (En Directo),album,2016-06-30,day,11,2016
Dorian,Hasta Que Caiga el Sol,single,2017-06-08,day,1,2017
Dorian,Noches Blancas,single,2018-03-09,day,1,2018
Dorian,Duele,single,2018-05-18,day,1,2018
Dorian,Justicia Universal,album,2018-05-25,day,11,2018
Dorian,Algunos Amigos,single,2018-05-25,day,1,2018
Dorian,Vicios y Defectos,single,2018-11-30,day,1,2018
Dorian,Buenas Intenciones (En Directo),single,2019-03-15,day,1,2019
Dorian,Pleine Lune,album,2019-05-19,day,12,2019
Dorian,La Isla,single,2019-07-05,day,2,2019
Dorian,Cometas (Radio Edit),single,2020-05-22,day,1,2020
Dorian,Dual,single,2020-12-11,day,1,2020
Dorian,Dos vidas,single,2021-12-01,day,1,2021
Dorian,FTS,single,2022-01-02,day,1,2022
Dorian,Universal,single,2022-01-26,day,1,2022
Dorian,Tornado,single,2022-02-23,day,1,2022
Dorian,No dejes que pase el tiempo,single,2022-03-24,day,1,2022
Dorian,Energía Rara,single,2022-04-20,day,1,2022
Dorian,Ritual,album,2022-04-22,day,11,2022
Dorian,Deux vies,single,2022-06-10,day,1,2022
Dorian,Energía Rara (David van Bylen Remix),single,2022-11-11,day,1,2022
Dorian,Cualquier Otra Parte (DJ Nano Remix),single,2023-03-22,day,1,2023
Dorian,Techos de cristal (Delaporte Remix),single,2023-06-07,day,1,2023
Dorian,Techos de Cristal,single,2023-06-07,day,1,2023
Dorian,El Temblor en el Liceu de Barcelona (En Directo),single,2023-10-26,day,1,2023
Dorian,Paraísos Artificiales en el Liceu de Barcelona (En directo),single,2023-11-22,day,1,2023
Dorian,DORIAN en el Liceu de Barcelona: Una noche en la vida (En directo),album,2023-11-29,day,11,2023
Dorian,Futuros Imposibles,album,2024-10-25,day,10,2024
El Canto Del Loco,El Canto del Loco,album,2000-06-16,day,12,2000
El Canto Del Loco,Son Sueños (Remasterizado),single,2002-01-01,year,3,2002
El Canto Del Loco,A Contracorriente,album,2002-03-01,day,12,2002
El Canto Del Loco,El Canto del Loco en Directo,album,2003-02-06,day,11,2003
El Canto Del Loco,Estados de Animo,album,2003-05-15,day,12,2003
El Canto Del Loco,Eres Tonto,single,2004-03-10,day,1,2004
El Canto Del Loco,Zapatillas,album,2005-01-01,year,13,2005
El Canto Del Loco,Pot Ser (Puede Ser),single,2006-10-01,day,1,2006
El Canto Del Loco,Personas,album,2008-04-01,day,14,2008
El Canto Del Loco,"Hey, Hey Vicky",single,2009-10-12,day,1,2009
El Canto Del Loco,Quiero Aprender De Ti,single,2009-11-10,day,1,2009
El Canto Del Loco,Radio la Colifata Presenta: El Canto del Loco,album,2009-11-24,day,20,2009
El Canto Del Loco,Por Mi y por Todos Mis Compañeros,album,2009-11-24,day,11,2009
El Canto Del Loco,Un Millon de Cicatrices,single,2009-11-30,day,1,2009
Estopa,Estopa,album,1999-10-18,day,12,1999
Estopa,Destrangis,album,2001-10-23,day,13,2001
Estopa,Más Destrangis,album,2002-04-01,day,16,2002
Estopa,La Calle Es Tuya?,album,2004-02-24,day,12,2004
Estopa,La Del Lute,single,2004-03-08,day,1,2004
Estopa,Voces de Ultrarumba,album,2005-11-16,day,12,2005
Estopa,Cuando Amanece,single,2008-02-19,day,1,2008
Estopa,Allenrok,album,2008-02-22,day,12,2008
Estopa,El Quarto dels Trastos,single,2008-10-01,day,1,2008
Estopa,X Anniversarivm,album,2009-11-17,day,24,2009
Estopa,La Primavera,single,2011-10-11,day,1,2011
Estopa,2.0,album,2011-11-21,day,13,2011
Estopa,2.0 (Instrumental),album,2011-12-20,day,12,2011
Estopa,Showtime 2.0,single,2012-05-22,day,1,2012
Estopa,"Gente Honrada (BSO De La Pelicula ""Somos Gente Honrada"")",single,2013-04-16,day,1,2013
Estopa,Esto Es Estopa (Directo Acústico),album,2014-02-17,day,15,2014
Estopa,Spotify Sessions (Live),single,2014-05-05,day,6,2014
Estopa,Rumba Triste (Directo Acústico),single,2014-06-16,day,1,2014
Estopa,Rumba a Lo Desconocido,album,2015-10-02,day,12,2015
Estopa,Yo No Estoy Loco,single,2019-09-06,day,1,2019
Estopa,Atrapado,single,2019-09-20,day,1,2019
Estopa,Fuego,album,2019-10-18,day,12,2019
Estopa,Fuego (Versión Maqueta),single,2020-06-05,day,1,2020
Estopa,La Rueda de la Fortuna (Versión Maqueta),single,2020-06-12,day,1,2020
Estopa,Camiseta de Rokanrol (Versión Maqueta),single,2020-06-19,day,1,2020
Estopa,La Serpiente y la Luna (Versión Maqueta),single,2020-06-26,day,1,2020
Estopa,Despertar,single,2020-12-03,day,1,2020
Estopa,El madero,single,2021-04-14,day,1,2021
Estopa,Camiseta de Rokanrol,single,2022-02-24,day,1,2022
Estopa,Rumbapop,single,2022-06-24,day,1,2022
Estopa,Diablo,single,2022-09-02,day,1,2022
Estopa,ESTOPA (ACOUSTIC HOME sessions),album,2023-06-23,day,7,2023
Estopa,La Rumba del Pescaílla,single,2023-11-01,day,1,2023
Estopa,El Día Que Tú Te Marches,single,2023-12-01,day,1,2023
Estopa,La Ranchera,single,2024-02-09,day,1,2024
Estopa,Estopía,album,2024-03-15,day,12,2024
Estopa,Bossanova (Yungberto Remix),single,2024-05-17,day,1,2024
Extremoduro,Rock Transgresivo,album,1989-01-01,year,15,1989
Extremoduro,Somos Unos Animales,album,1991-01-01,year,14,1991
Extremoduro,Deltoya,album,1992-01-01,year,20,1992
Extremoduro,Dónde Están Mis Amigos,album,1993-01-01,year,16,1993
Extremoduro,Agila,album,1996-01-01,year,14,1996
Extremoduro,Iros Todos A Tomar Por Culo,album,1997-01-01,year,14,1997
Extremoduro,Canciones Prohibidas,album,1998-06-08,day,10,1998
Extremoduro,"Yo, Minoría Absoluta",album,2002-01-01,year,10,2002
Extremoduro,Canciones sin voz,album,2004-11-15,day,20,2004
Extremoduro,La ley innata,album,2008-09-09,day,6,2008
Extremoduro,Material defectuoso,album,2011-05-24,day,6,2011
Extremoduro,Para todos los públicos,album,2013-11-08,day,9,2013
Hombres G,Hombres G,single,1983-01-01,year,4,1983
Hombres G,Hombres G (Edición 30 Aniversario),album,1985-01-01,year,10,1985
Hombres G,La Cagaste... Burt Lancaster,album,1986-01-01,year,10,1986
Hombres G,Estamos Locos... O Que?,album,1987-01-01,year,10,1987
Hombres G,Agitar Antes De Usar,album,1988-01-01,year,10,1988
Hombres G,Voy A Pasarmelo Bien,album,1989-01-01,year,10,1989
Hombres G,Esta Es Tu Vida,album,1990-01-01,year,14,1990
Hombres G,Historia Del Bikini,album,1992-01-01,year,11,1992
Hombres G,El orgullo de mamá (Remezclas),single,1992-03-22,day,4,1992
Hombres G,Los Singles,album,1993-01-01,year,20,1993
Hombres G,Las baladas (Los singles vol II),album,1996-01-01,year,14,1996
Hombres G,Albums,album,2002-01-01,year,75,2002
Hombres G,Voy a pasarmelo bien. Tributo a Hombres G,album,2003-01-31,day,10,2003
Hombres G,Por que no ser amigos,single,2004-01-01,year,2,2004
Hombres G,El año que vivimos peligrosamente,album,2004-03-01,day,16,2004
Hombres G,Todo esto es muy extraño,album,2004-11-02,day,11,2004
Hombres G,Me siento bien,single,2007-08-06,day,1,2007
Hombres G,10,album,2007-09-18,day,12,2007
Hombres G,Desayuno Continental,album,2010-11-16,day,11,2010
Hombres G,Lo Noto (with Miguel Bosé),single,2011-11-15,day,1,2011
Hombres G,En La Playa,album,2011-11-29,day,10,2011
Hombres G,Esperando un Milagro,single,2014-03-21,day,1,2014
Hombres G,Por una Vez,single,2014-03-21,day,1,2014
Hombres G,Depende de ti,single,2015-03-31,day,1,2015
Hombres G,30 años y un día,album,2015-06-02,day,52,2015
Hombres G,En la arena (Gira 30 años y un día / Las Ventas 26 de junio de 2015),album,2015-11-20,day,28,2015
Hombres G,Devuélveme a Mi Chica (En Vivo),single,2018-06-08,day,1,2018
Hombres G,Huevos Revueltos (En Vivo),album,2018-06-15,day,29,2018
Hombres G,Con los Brazos en Cruz,single,2019-02-22,day,1,2019
Hombres G,Confía en Mi,single,2019-03-01,day,1,2019
Hombres G,Resurrección,album,2019-03-15,day,11,2019
Hombres G,Imprescindibles,single,2021-04-09,day,5,2021
Hombres G,SE ME SALE EL CORAZÓN,single,2021-06-18,day,1,2021
Hombres G,Antes de ti,single,2021-09-10,day,1,2021
Hombres G,La Esquina de Rowland,album,2021-10-08,day,14,2021
Hombres G,Cocodrilo,single,2023-01-26,day,1,2023
Hombres G,El ataque de las chicas cocodrilo,single,2023-08-04,day,1,2023
Hombres G,Suéltate el pelo,single,2023-11-03,day,1,2023
Hombres G,Del rosa al amarillo,album,2023-11-24,day,38,2023
Hombres G,¿Por qué no ser amigos?,album,2025-04-11,day,14,2025
IZAL,Teletransporte,single,2010-11-01,day,6,2010
IZAL,Magia & Efectos Especiales,album,2012-04-12,day,11,2012
IZAL,Hambre,single,2013-09-24,day,1,2013
IZAL,Agujeros De Gusano,single,2013-10-10,day,1,2013
IZAL,Agujeros de Gusano,album,2013-10-29,day,13,2013
IZAL,Directo Sonorama 2014 (En Directo),album,2014-11-17,day,12,2014
IZAL,En Aire y Hueso,single,2015-09-11,day,1,2015
IZAL,Copacabana,album,2015-09-18,day,12,2015
IZAL,VIVO (En Directo),album,2017-05-12,day,22,2017
IZAL,El Pozo,single,2018-02-09,day,1,2018
IZAL,Pausa,single,2018-02-23,day,1,2018
IZAL,Autoterapia,album,2018-03-09,day,11,2018
IZAL,Nubes de papel (feat. IZAL) [En Estudio Uno],single,2018-09-28,day,2,2018
IZAL,Vencedores invisibles,single,2019-02-15,day,1,2019
IZAL,El Pozo (Wisemen Project & Elyella Remix),single,2019-06-27,day,1,2019
IZAL,Micro Abierto,single,2020-03-09,day,4,2020
IZAL,La Buena Sombra,single,2020-04-17,day,1,2020
IZAL,Meiuqèr,single,2021-06-16,day,1,2021
IZAL,Fotografías,single,2021-09-02,day,1,2021
IZAL,Inercia,single,2021-10-01,day,1,2021
IZAL,He Vuelto,single,2021-10-23,day,1,2021
IZAL,El Hombre del Futuro,single,2021-10-24,day,1,2021
IZAL,Jóvenes Perfect@s,single,2021-10-25,day,1,2021
IZAL,La Mala Educación,single,2021-10-26,day,1,2021
IZAL,Telepatía,single,2021-10-27,day,1,2021
IZAL,Dobles,single,2021-10-28,day,1,2021
IZAL,Hogar,album,2021-10-29,day,12,2021
IZAL,Pequeños Grandes Éxitos,album,2023-03-24,day,22,2023
La Fuga,Mira,album,1998-01-01,year,12,1998
La Fuga,A golpes de Rock'n'Roll,album,2000-01-01,year,12,2000
La Fuga,A las 12,album,2001-01-31,day,12,2001
La Fuga,Calles de Papel,album,2003-01-01,year,11,2003
La Fuga,Negociando gasolina,album,2005-05-10,day,11,2005
La Fuga,En directo,album,2006-04-03,day,18,2006
La Fuga,Nubes y claros- Acustico 2006-,album,2006-09-04,day,12,2006
La Fuga,Asuntos pendientes,album,2008-05-06,day,11,2008
La Fuga,Opciones,single,2010-08-23,day,1,2010
La Fuga,Ganas,single,2011-02-07,day,1,2011
La Fuga,Raices,album,2011-03-07,day,11,2011
La Fuga,Lunes De Olvido,single,2013-07-29,day,1,2013
La Fuga,Mas De Cien Amaneceres,album,2013-09-16,day,11,2013
La Fuga,Camarote,single,2014-01-07,day,1,2014
La Fuga,Maldita,single,2014-06-27,day,1,2014
La Fuga,Ser Yo Mismo,single,2014-11-11,day,1,2014
La Fuga,Mi Perdición,single,2015-06-12,day,1,2015
La Fuga,Banderas,single,2017-10-13,day,1,2017
La Fuga,Humo y Cristales / Mientras Brille La Luna (Edición Especial),album,2017-11-10,day,34,2017
La Fuga,Justo Después Del Silencio,album,2025-10-24,day,12,2025
La Habitación Roja,LHR,album,1998-01-01,day,30,1998
La Habitación Roja,Largometraje,album,1999-01-01,day,27,1999
La Habitación Roja,Radio,album,2001-05-03,day,28,2001
La Habitación Roja,4,album,2003-03-11,day,27,2003
La Habitación Roja,Para Tí,single,2004-01-01,day,4,2004
La Habitación Roja,Nuevos Tiempos,album,2005-01-01,day,12,2005
La Habitación Roja,El Eje del Mal,single,2005-01-01,day,4,2005
La Habitación Roja,Dirán Que Todo Fue un Sueño,album,2006-05-23,day,9,2006
La Habitación Roja,Cuando Ya No Quede Nada,album,2007-04-23,day,11,2007
La Habitación Roja,Posidonia,album,2007-10-23,day,7,2007
La Habitación Roja,Ésta No Será Otra Canción de Amor,album,2008-04-22,day,7,2008
La Habitación Roja,Universal,album,2010-01-01,day,11,2010
La Habitación Roja,Febrero,single,2010-01-01,day,3,2010
La Habitación Roja,"Para Ti, Vol. 2",album,2011-05-02,day,9,2011
La Habitación Roja,Fue Eléctrico (Edicion Deluxe),album,2012-01-01,day,14,2012
La Habitación Roja,Fue Eléctrico,album,2012-01-01,day,11,2012
La Habitación Roja,Ayer,single,2012-01-01,day,1,2012
La Habitación Roja,La Moneda en el Aire (Track By Track Edition),album,2014-01-01,day,22,2014
La Habitación Roja,De Cine,single,2014-01-01,day,2,2014
La Habitación Roja,Si Tú Te Vas (Magnífica Desolación),single,2014-01-01,day,1,2014
La Habitación Roja,La Moneda en el Aire,album,2014-02-03,day,11,2014
La Habitación Roja,Veinte Años de Canciones: 1995 - 2015,album,2015-02-02,day,20,2015
La Habitación Roja,24 de Marzo,single,2016-01-01,day,3,2016
La Habitación Roja,You Gotta Be Cool (Ley DJ Remix),single,2016-01-01,day,1,2016
La Habitación Roja,You Gotta Be Cool,single,2016-01-01,day,1,2016
La Habitación Roja,Nuestro Momento,single,2016-01-01,day,1,2016
La Habitación Roja,Sagrado Corazón (Deluxe Version),album,2016-04-02,day,12,2016
La Habitación Roja,Nuevos Románticos,single,2018-02-01,day,1,2018
La Habitación Roja,La Última Noche del Año,single,2018-02-14,day,1,2018
La Habitación Roja,Berlín,single,2018-02-28,day,1,2018
La Habitación Roja,Memoria,album,2018-03-16,day,12,2018
La Habitación Roja,Madrid,single,2018-03-16,day,4,2018
La Habitación Roja,Líneas en el Cielo,single,2018-03-16,day,2,2018
La Habitación Roja,Quiero,single,2019-11-29,day,1,2019
La Habitación Roja,Las Canciones,single,2020-02-28,day,1,2020
La Habitación Roja,La Luz (Canción para Whitney Dafoe),single,2020-04-17,day,1,2020
La Habitación Roja,El Miedo Abierto,single,2020-06-05,day,1,2020
La Habitación Roja,Yo Me Pregunto,single,2020-07-17,day,1,2020
La Habitación Roja,Patria,single,2020-09-11,day,1,2020
La Habitación Roja,Taquicardia,single,2020-11-13,day,1,2020
La Habitación Roja,1986,single,2021-02-26,day,1,2021
La Habitación Roja,Años Luz,album,2021-05-28,day,10,2021
La Habitación Roja,El Día Internacional de los Amantes,single,2021-10-01,day,1,2021
La Habitación Roja,Hasta el Fin,single,2021-11-05,day,1,2021
La Habitación Roja,No Estuviste Allí,single,2021-11-23,day,1,2021
La Habitación Roja,Años Luz II,album,2021-11-26,day,11,2021
La Habitación Roja,Vuelve A Empezar Sin Mí,single,2023-03-10,day,1,2023
La Habitación Roja,Normal,single,2023-10-06,day,1,2023
La Habitación Roja,Los Seres Queridos,single,2024-01-12,day,1,2024
La Habitación Roja,Svalbard,single,2024-03-01,day,1,2024
La Habitación Roja,Crear,album,2024-10-11,day,11,2024
La Maravillosa Orquesta del Alcohol,No Easy Road,single,2011-09-04,day,6,2011
La Maravillosa Orquesta del Alcohol,The Shape Of Folk To Come,album,2012-02-04,day,8,2012
La Maravillosa Orquesta del Alcohol,¿Quién Nos Va A Salvar?,album,2013-10-09,day,10,2013
La Maravillosa Orquesta del Alcohol,PRMVR,single,2015-02-24,day,1,2015
La Maravillosa Orquesta del Alcohol,La Primavera Del Invierno,album,2015-10-03,day,10,2015
La Maravillosa Orquesta del Alcohol,Ojalá,single,2016-04-15,day,4,2016
La Maravillosa Orquesta del Alcohol,Todavía No Ha Salido La Luna (En Directo),album,2016-12-16,day,21,2016
La Maravillosa Orquesta del Alcohol,La Inmensidad,single,2017-09-01,day,1,2017
La Maravillosa Orquesta del Alcohol,Héroes Del Sábado,single,2017-09-22,day,1,2017
La Maravillosa Orquesta del Alcohol,Salvavida (de las Balas Perdidas),album,2017-09-29,day,11,2017
La Maravillosa Orquesta del Alcohol,Garate (Sesión En Directo),album,2018-04-13,day,11,2018
La Maravillosa Orquesta del Alcohol,7:47 (Ni Un Minuto Más),single,2018-10-22,day,3,2018
La Maravillosa Orquesta del Alcohol,Colectivo Nostalgia,single,2019-05-20,day,1,2019
La Maravillosa Orquesta del Alcohol,La Vida Se Gasta (Acústico en directo),single,2019-06-10,day,1,2019
La Maravillosa Orquesta del Alcohol,La Zona Galáctica,single,2019-06-18,day,1,2019
La Maravillosa Orquesta del Alcohol,& (En Directo),album,2019-12-30,day,14,2019
La Maravillosa Orquesta del Alcohol,Animales Escondidos,single,2020-09-25,day,1,2020
La Maravillosa Orquesta del Alcohol,La Vuelta,single,2020-10-16,day,1,2020
La Maravillosa Orquesta del Alcohol,Ninguna Ola,album,2020-12-11,day,10,2020
La Maravillosa Orquesta del Alcohol,Alguna Ola (Sesión En Directo),album,2021-04-20,day,10,2021
La Maravillosa Orquesta del Alcohol,Nuevo Cancionero Burgalés,album,2021-12-17,day,8,2021
La Maravillosa Orquesta del Alcohol,San Felices,album,2025-10-16,day,13,2025
La Oreja de Van Gogh,Dile al Sol,album,1998-05-18,day,12,1998
La Oreja de Van Gogh,El 28,single,1998-05-18,day,1,1998
La Oreja de Van Gogh,Cuéntame al Oido,single,1998-12-10,day,1,1998
La Oreja de Van Gogh,El Viaje de Copperpot,album,2000-09-07,day,12,2000
La Oreja de Van Gogh,Lo Que Te Conte Mientras Te Hacias La Dormida,album,2003-01-01,year,15,2003
La Oreja de Van Gogh,Vestido Azul (Remasterizado 2024),single,2003-01-01,year,4,2003
La Oreja de Van Gogh,Geografía (Remasterizado 2024),single,2003-01-01,year,4,2003
La Oreja de Van Gogh,Puedes Contar Conmigo (Remasterizado 2024),single,2003-01-01,year,3,2003
La Oreja de Van Gogh,20 de Enero (Remasterizado 2024),single,2003-01-01,year,3,2003
La Oreja de Van Gogh,Deseos de Cosas Imposibles (Remasterizado 2024),single,2003-01-01,year,2,2003
La Oreja de Van Gogh,La Oreja de Van Gogh en Directo,album,2004-04-19,day,18,2004
La Oreja de Van Gogh,París,album,2004-05-10,day,12,2004
La Oreja de Van Gogh,Bonustrack,single,2004-08-30,day,4,2004
La Oreja de Van Gogh,Mas Guapa,album,2006-01-01,year,26,2006
La Oreja de Van Gogh,Dulce Locura (Remasterizado 2024),single,2006-01-01,year,2,2006
La Oreja de Van Gogh,Muñeca De Trapo,single,2006-01-31,day,1,2006
La Oreja de Van Gogh,Guapa,album,2007-04-09,day,15,2007
La Oreja de Van Gogh,Només Tu (Nadie como Tu),single,2007-10-01,day,1,2007
La Oreja de Van Gogh,El Ultimo Vals,single,2008-07-15,day,1,2008
La Oreja de Van Gogh,A las Cinco en el Astoria,album,2008-09-30,day,12,2008
La Oreja de Van Gogh,Cuentame al Oido,single,2009-10-06,day,1,2009
La Oreja de Van Gogh,Nuestra Casa a la Izquierda del Tiempo,album,2009-10-20,day,12,2009
La Oreja de Van Gogh,La Niña Que Llora en Tus Fiestas,single,2011-07-26,day,1,2011
La Oreja de Van Gogh,Cometas Por El Cielo (Expanded),album,2011-09-13,day,14,2011
La Oreja de Van Gogh,Cometas Por El Cielo,album,2011-09-13,day,12,2011
La Oreja de Van Gogh,La Luz Que Nace En Ti,single,2011-11-29,day,1,2011
La Oreja de Van Gogh,Cometas Por El Cielo (Carlos Jean Remix),single,2012-05-29,day,1,2012
La Oreja de Van Gogh,Cometas Por El Cielo (Remixes),single,2012-06-05,day,7,2012
La Oreja de Van Gogh,Cometas por el Cielo en Directo Desde América,album,2012-09-18,day,15,2012
La Oreja de Van Gogh,Otra Vez Me Has Sacado a Bailar,single,2013-01-22,day,1,2013
La Oreja de Van Gogh,Primera Fila,album,2013-10-28,day,15,2013
La Oreja de Van Gogh,Estoy Contigo,single,2016-10-07,day,1,2016
La Oreja de Van Gogh,Diciembre,single,2016-10-28,day,1,2016
La Oreja de Van Gogh,Camino de Tu Corazón,single,2016-11-01,day,1,2016
La Oreja de Van Gogh,El Planeta Imaginario,album,2016-11-04,day,12,2016
La Oreja de Van Gogh,Campana Sobre Campana,single,2016-12-23,day,1,2016
La Oreja de Van Gogh,"Estoy Contigo (feat. Ana Torroja, Andrés Suárez, David Otero, Funambulista, India Martinez, Iván Ferreiro, Maldita Nerea, Melendi, Rozalén & Vanesa Martin)",single,2017-09-21,day,1,2017
La Oreja de Van Gogh,La Chica del Espejo,single,2018-10-19,day,1,2018
La Oreja de Van Gogh,"Elcano y Magallanes, La Primera Vuelta al Mundo (Tema Central de la Película)",single,2019-06-21,day,3,2019
La Oreja de Van Gogh,médula (REPUTA),single,2020-01-01,year,1,2020
La Oreja de Van Gogh,Un Susurro en la Tormenta,album,2020-09-19,day,11,2020
La Oreja de Van Gogh,A Este Lado del Cristal,single,2020-12-22,day,1,2020
La Oreja de Van Gogh,Esencial La Oreja de Van Gogh,album,2021-06-04,day,30,2021
La Oreja de Van Gogh,LA OREJA DE VAN GOGH (ACOUSTIC HOME sessions),album,2023-03-31,day,7,2023
Leiva,Eme,single,2012-01-17,day,1,2012
Leiva,Diciembre,album,2012-02-21,day,13,2012
Leiva,Anticiclón,single,2012-12-18,day,1,2012
Leiva,Rock de Europa,single,2013-04-23,day,1,2013
Leiva,Afuera en la Ciudad,single,2013-10-21,day,1,2013
Leiva,Terriblemente Cruel,single,2013-12-02,day,1,2013
Leiva,Polvora,album,2014-01-31,day,13,2014
Leiva,Mirada Perdida,single,2014-06-23,day,1,2014
Leiva,Sixteen (with Fito Cabrales & Carlos Tarque),single,2015-04-09,day,1,2015
Leiva,Monstruos,album,2016-08-26,day,12,2016
Leiva,La Llamada,single,2017-09-27,day,1,2017
Leiva,Nuclear,album,2019-03-22,day,12,2019
Leiva,Mi Pequeño Chernóbil,single,2020-04-02,day,1,2020
Leiva,La Estación Eterna,single,2020-05-20,day,1,2020
Leiva,Partido a Partido,single,2020-09-25,day,1,2020
Leiva,Nunca Debiste Cruzar el Mississippi,single,2020-10-05,day,1,2020
Leiva,Madrid Nuclear - En Directo,album,2020-11-20,day,22,2020
Leiva,Baila Conmigo [Feat. Leiva] (En Directo Desde Madrid),single,2020-11-25,day,1,2020
Leiva,Mundo de Cristal,single,2021-04-08,day,1,2021
Leiva,Solaris,single,2021-04-30,day,1,2021
Leiva,Histéricos,single,2021-09-10,day,1,2021
Leiva,Iceberg,single,2021-10-07,day,1,2021
Leiva,Stranger Things,single,2021-11-04,day,1,2021
Leiva,Flecha,single,2021-11-16,day,1,2021
Leiva,Cuando Te Muerdes el Labio,album,2021-12-03,day,14,2021
Leiva,Jaula de Oro,single,2023-04-28,day,1,2023
Leiva,Lo Siento,single,2023-11-02,day,1,2023
Leiva,OK,single,2023-11-03,day,1,2023
Leiva,Sashimi,single,2023-12-28,day,1,2023
Leiva,La Mordida del Gran Pitbull Cruz,single,2024-03-30,day,1,2024
Leiva,"El Bandido Medina (De la serie original de Prime Video, Medina: El Estafador de Famosos)",single,2024-10-18,day,1,2024
Leiva,Gigante,single,2024-10-31,day,1,2024
Leiva,Bajo Presión,single,2024-11-22,day,1,2024
Leiva,Ángulo Muerto,single,2025-01-17,day,1,2025
Leiva,El Polvo de los Días Raros,single,2025-02-07,day,1,2025
Leiva,Caída Libre (feat. Robe),single,2025-02-28,day,1,2025
Leiva,Gigante,album,2025-04-04,day,14,2025
Leiva,Hasta que me quede sin voz,single,2025-10-10,day,1,2025
Loquillo,Los Tiempos Están Cambiando (Edición Coleccionista),album,1980-01-01,year,24,1980
Loquillo,Los Tiempos Están Cambiando,album,1980-03-03,day,10,1980
Loquillo,Loquillo & Sabino (Remaster 2017),album,1987-12-01,day,10,1987
Loquillo,Heroes De Los 80,album,1989-02-22,day,12,1989
Loquillo,La Vida Por Delante,album,1994-03-03,day,12,1994
Loquillo,La Vida Por Delante [Edición Para Coleccionistas],album,1994-06-07,day,23,1994
Loquillo,Con Elegancia,album,1998-01-01,day,12,1998
Loquillo,Nueve tragos (Remaster 2017),album,1999-12-01,day,9,1999
Loquillo,Balmoral,album,2008-04-08,day,16,2008
Loquillo,Cruzando el paraiso (feat. Andres Calamaro),single,2008-05-26,day,1,2008
Loquillo,Sol Remezclas- EP,single,2008-07-29,day,4,2008
Loquillo,"El hombre de negro (feat. Jaime Urrutia, Andrés Calamaro y Bunbury)",single,2009-10-16,day,1,2009
Loquillo,Rock & Roll Star - 30 años,album,2009-11-13,day,55,2009
Loquillo,Apuesta por el Rock n' Roll (Homenaje a Heroes del Silencio y Bunbury),single,2010-11-16,day,1,2010
Loquillo,Political incorrectness,single,2011-07-19,day,1,2011
Loquillo,Su nombre era el de todas las mujeres,album,2011-09-30,day,10,2011
Loquillo,Loquillo en Madrid,album,2012-06-08,day,18,2012
Loquillo,Acontenta'm,single,2012-07-12,day,1,2012
Loquillo,Contento,single,2012-10-01,day,1,2012
Loquillo,La nave de los locos,album,2012-10-23,day,10,2012
Loquillo,La nave de los locos (Remaster 2017),album,2012-12-01,day,10,2012
Loquillo,Rock de Europa,single,2013-04-23,day,1,2013
Loquillo,El Creyente,album,2014-04-29,day,26,2014
Loquillo,Piratas,single,2015-02-10,day,1,2015
Loquillo,Código rocker,album,2015-03-24,day,14,2015
Loquillo,Me convertí en hombre lobo por culpa de Los Ramones / Va por la ciudad,single,2015-07-03,day,2,2015
Loquillo,Rusty,single,2016-04-08,day,1,2016
Loquillo,Viento del este,album,2016-04-22,day,12,2016
Loquillo,El Ritmo del Garaje (Versión 2016),single,2016-11-14,day,1,2016
Loquillo,Salud y Rock and Roll,album,2016-12-09,day,34,2016
Loquillo,Rey del Glam,single,2018-03-09,day,1,2018
Loquillo,Rock and Roll Actitud (Versión 2018),single,2018-07-20,day,1,2018
Loquillo,Gafas de sol,single,2019-10-11,day,1,2019
Loquillo,El último clásico,album,2019-11-22,day,10,2019
Loquillo,Sonríe,single,2020-06-12,day,1,2020
Loquillo,"La mafia del baile, la ley del compás",single,2021-05-21,day,1,2021
Loquillo,La Libertad,single,2021-12-21,day,1,2021
Loquillo,Tantas veces me he jugado el corazón que lo he perdido (feat. Loquillo),single,2022-01-14,day,1,2022
Loquillo,El Rey,single,2022-04-08,day,1,2022
Loquillo,Diario de una tregua,album,2022-04-29,day,10,2022
Loquillo,El Rey (Nueva versión),single,2023-09-22,day,1,2023
Loquillo,Nada podrá salvarte,single,2023-11-30,day,1,2023
Loquillo,La vida es de los que arriesgan,album,2023-12-21,day,18,2023
Loquillo,El año que mataron a Salvador (Nueva mezcla 2024),single,2024-07-19,day,1,2024
Loquillo,Mujeres en pie de guerra (XX Aniversario - Nuevas mezclas),album,2024-10-04,day,9,2024
Loquillo,Europa,album,2025-03-14,day,9,2025
Loquillo,"Feo, fuerte y formal (feat. Dani Martín)",single,2025-04-04,day,1,2025
Loquillo,Corazones legendarios,album,2025-09-26,day,23,2025
Lori Meyers,Viaje De Estudios,album,2004-01-01,year,17,2004
Lori Meyers,Hostal Pimodan,album,2006-01-01,day,19,2006
Lori Meyers,Cronolanea,album,2008-01-01,day,13,2008
Lori Meyers,Cuando El Destino Nos Alcance,album,2010-01-01,day,11,2010
Lori Meyers,Mi Realidad (Sidechains Remix),single,2010-01-01,day,1,2010
Lori Meyers,Mi Realidad (David Kano Remix),single,2010-01-01,day,1,2010
Lori Meyers,Impronta,album,2013-01-01,day,12,2013
Lori Meyers,Hombre A Tierra (De La B.S.O. Los Juegos Del Hambre: En Llamas),single,2013-01-01,day,1,2013
Lori Meyers,Telescopio Hubble,single,2015-04-07,day,1,2015
Lori Meyers,En La Espiral,album,2017-02-17,day,13,2017
Lori Meyers,Directo En Madrid Wizink Center,album,2020-01-23,day,30,2020
Lori Meyers,Tercer Tipo,single,2020-04-03,day,1,2020
Lori Meyers,Siempre Brilla El Sol (Acústico),single,2020-06-03,day,1,2020
Lori Meyers,Punk,single,2021-04-13,day,1,2021
Lori Meyers,Presente,single,2021-05-13,day,1,2021
Lori Meyers,Hacerte Volar,single,2021-07-19,day,1,2021
Lori Meyers,No Hay Excusa,single,2021-10-19,day,1,2021
Lori Meyers,Espacios Infinitos,album,2021-10-21,day,11,2021
Lori Meyers,Vámonos De Aquí,single,2022-03-17,day,1,2022
Lori Meyers,Vuelvo a Granada,single,2022-04-01,day,1,2022
Lori Meyers,Déjà vu,single,2022-04-21,day,1,2022
Lori Meyers,1000 Noches,single,2022-06-23,day,1,2022
Lori Meyers,Házmelo Saber (Villancico),single,2022-12-15,day,1,2022
Lori Meyers,No Me Merecía La Pena,single,2023-04-13,day,1,2023
Lori Meyers,Tú Ya No Dices Nada,single,2023-12-12,day,1,2023
Lori Meyers,MODA,single,2024-09-26,day,1,2024
Lori Meyers,Hacerte Volar (INNMIR Remix),single,2025-03-20,day,1,2025
Lori Meyers,EN LO TOTAL,single,2026-04-15,day,1,2026
Lori Meyers,MALAFOLLÁ,single,2026-06-04,day,1,2026
Los Secretos,Los Secretos,album,1981-01-15,day,12,1981
Los Secretos,Algo Más,album,1983-04-02,day,10,1983
Los Secretos,Primer Cruce y Continuará,album,1987-01-01,day,18,1987
Los Secretos,Directo,album,1988-01-01,day,24,1988
Los Secretos,La Calle Del Olvido,album,1989-01-01,day,10,1989
Los Secretos,Adios Tristeza,album,1991-01-01,day,11,1991
Los Secretos,Cambio De Planes,album,1993-01-01,day,11,1993
Los Secretos,Dos Caras Distintas,album,1995-01-01,day,13,1995
Los Secretos,A Tu Lado,album,2000-01-01,day,17,2000
Los Secretos,Solo Para Escuchar,album,2002-11-15,day,11,2002
Los Secretos,Con Cierto Sentido,album,2003-11-17,day,15,2003
Los Secretos,Una y mil veces,album,2006-04-17,day,12,2006
Los Secretos,30 años,album,2007-01-01,year,38,2007
Los Secretos,No no no,single,2008-09-16,day,1,2008
Los Secretos,Gracias por elegirme,album,2008-12-09,day,30,2008
Los Secretos,En este mundo raro,album,2011-09-16,day,13,2011
Los Secretos,Sinfónico,album,2012-10-30,day,10,2012
Los Secretos,Cuéntame,single,2014-01-14,day,1,2014
Los Secretos,Ponte en la fila,single,2015-04-21,day,1,2015
Los Secretos,Algo prestado,album,2015-05-08,day,12,2015
Los Secretos,Amb Tu Sempre,single,2015-07-12,day,1,2015
Los Secretos,Los Secretos (Edición 35 Aniversario),album,2015-10-30,day,27,2015
Los Secretos,Una vida a tu lado,album,2017-11-03,day,77,2017
Los Secretos,Mi paraíso,album,2019-09-20,day,12,2019
Los Secretos,Desde Que No Nos Vemos - Concierto Homenaje a Enrique Urquijo (En Directo / WiZink Center / Madrid / 17-11-2019),album,2021-11-18,day,20,2021
Love of Lesbian,Is It Fiction?,album,2001-01-01,day,12,2001
Love of Lesbian,Ungravity,album,2003-01-01,day,12,2003
Love of Lesbian,Maniobras de Escapismo,album,2005-01-01,day,12,2005
Love of Lesbian,Cuentos Chinos para Niños del Japón,album,2007-01-01,day,14,2007
Love of Lesbian,1999 (o como generar incendios de nieve con una lupa enfocando la luna),album,2009-03-31,day,14,2009
Love of Lesbian,Allí donde solíamos gritar (Remixed by DJ Amable),single,2009-08-04,day,1,2009
Love of Lesbian,Lucha De Gigantes,single,2010-01-01,day,1,2010
Love of Lesbian,John boy,single,2010-12-10,day,4,2010
Love of Lesbian,Ultimos dias de 1999. Aquellas noches de incendio (Live),single,2011-09-13,day,4,2011
Love of Lesbian,La noche eterna. Los días no vividos,album,2012-05-18,day,18,2012
Love of Lesbian,"Si tu me dices Ben, yo digo Affleck (Rmx EME DJ)",single,2013-04-23,day,1,2013
Love of Lesbian,Fantastic Shine,single,2013-06-04,day,1,2013
Love of Lesbian,Víctimas del porno (A tu laíto),single,2014-05-13,day,1,2014
Love of Lesbian,Manifiesto delirista,single,2014-05-13,day,1,2014
Love of Lesbian,Mal español,single,2014-05-13,day,1,2014
Love of Lesbian,Bajo el volcán,single,2016-01-15,day,1,2016
Love of Lesbian,Cuando no me ves,single,2016-02-05,day,1,2016
Love of Lesbian,El Yin y el Yen,single,2016-02-12,day,1,2016
Love of Lesbian,Psiconautas,single,2016-02-26,day,1,2016
Love of Lesbian,El Poeta Halley,album,2016-03-04,day,13,2016
Love of Lesbian,I.M.T. (Incapacidad Moral Transitoria),single,2017-04-07,day,1,2017
Love of Lesbian,"Nouvelle Cuisine Canibal, Vol. II",single,2017-04-26,day,3,2017
Love of Lesbian,Tan bé amb mi,single,2017-07-12,day,1,2017
Love of Lesbian,Planeador,single,2017-10-06,day,1,2017
Love of Lesbian,Belice (En directo),single,2018-04-27,day,1,2018
Love of Lesbian,Nadie por las calles (En directo),single,2018-05-04,day,1,2018
Love of Lesbian,Oniria e insomnia (En directo),single,2018-05-11,day,1,2018
Love of Lesbian,El gran truco final,album,2018-05-18,day,22,2018
Love of Lesbian,Reina Leia,single,2018-06-08,day,1,2018
Love of Lesbian,"El astronauta que vio a Elvis (De ""Memorias de un hombre en pijama"")",single,2018-11-16,day,1,2018
Love of Lesbian,"Charlize SolTherón (De ""Memorias de un hombre en pijama"")",single,2019-01-04,day,1,2019
Love of Lesbian,La fuerza del destino,single,2019-03-22,day,1,2019
Love of Lesbian,Cosmos (Antisistema Solar),single,2020-11-25,day,1,2020
Love of Lesbian,Viaje épico hacia la nada,single,2020-12-29,day,1,2020
Love of Lesbian,El mundo,single,2021-01-27,day,1,2021
Love of Lesbian,El sur (feat. Bunbury),single,2021-03-03,day,1,2021
Love of Lesbian,Los irrompibles,single,2021-04-14,day,1,2021
Love of Lesbian,V.E.H.N. (Viaje épico hacia la nada),album,2021-04-16,day,12,2021
Love of Lesbian,El mundo (feat. Gaby Moreno),single,2021-07-08,day,1,2021
Love of Lesbian,Santa Lucía (En directo 2023),single,2023-04-21,day,1,2023
Love of Lesbian,La Bestia (feat. Love Of Lesbian),single,2023-04-26,day,1,2023
Love of Lesbian,Club de Fans de John Boy,single,2023-10-05,day,1,2023
Love of Lesbian,Allí Donde Solíamos Gritar,single,2024-02-15,day,1,2024
Love of Lesbian,Contradicción,single,2024-04-26,day,1,2024
Love of Lesbian,¿Qué vas a saber?,single,2024-05-31,day,1,2024
Love of Lesbian,La hermandad,single,2024-07-05,day,1,2024
Love of Lesbian,Tesis,single,2024-08-30,day,1,2024
Love of Lesbian,La Champions y el Mundial (feat. Leiva),single,2024-10-10,day,1,2024
Love of Lesbian,Ejército de salvación,album,2024-10-11,day,11,2024
Love of Lesbian,Tu nombre,single,2025-10-23,day,1,2025
Love of Lesbian,La hermandad (Bea Miau Remix),single,2026-02-27,day,1,2026
Love of Lesbian,Ejército de salvación (Ale Acosta Remix),single,2026-04-17,day,1,2026
Love of Lesbian,Ojalá (feat. Judit Neddermann),single,2026-07-10,day,1,2026
Melendi,Que El Cielo Espere Sentao..,album,2005-01-01,year,12,2005
Melendi,Sin Noticias De Holanda,album,2006-07-14,day,16,2006
Melendi,Gangs Of London,single,2006-07-28,day,1,2006
Melendi,Himno eventual del Real Oviedo,single,2006-09-01,day,1,2006
Melendi,Kisiera yo saber,single,2006-10-20,day,1,2006
Melendi,Mientras No Cueste Trabajo,album,2006-11-13,day,12,2006
Melendi,Con sólo una sonrisa,single,2007-06-01,day,1,2007
Melendi,Con la luna llena,single,2007-06-01,day,1,2007
Melendi,Caminando por la vida,single,2007-06-01,day,1,2007
Melendi,Calle la Pantomima,single,2007-06-15,day,1,2007
Melendi,Me gusta el fútbol,single,2007-08-17,day,1,2007
Melendi,Mientras No Cueste Más Trabajo,album,2007-09-28,day,20,2007
Melendi,Por amarte tanto,single,2007-10-05,day,1,2007
Melendi,El Nano,single,2008-02-29,day,1,2008
Melendi,Carlota,single,2008-03-28,day,1,2008
Melendi,Caminando Por La Vida [USA Release],album,2008-04-22,day,12,2008
Melendi,Un violinista en tu tejado,single,2008-08-15,day,1,2008
Melendi,Curiosa La Cara De Tu Padre,album,2008-09-16,day,14,2008
Melendi,Aún Más Curiosa La Cara De Tu Padre,album,2009-03-24,day,21,2009
Melendi,Volvamos a empezar (Deluxe edition),album,2010-10-29,day,15,2010
Melendi,Volvamos a empezar,album,2010-10-29,day,12,2010
Melendi,Ulls dolços,single,2011-07-12,day,1,2011
Melendi,Marco,single,2011-12-27,day,1,2011
Melendi,Cuestion de prioridades por el cuerno de Africa,single,2012-01-20,day,1,2012
Melendi,Lágrimas desordenadas (Deluxe),album,2012-11-13,day,14,2012
Melendi,Lágrimas desordenadas,album,2012-11-13,day,11,2012
Melendi,Mi generación,single,2013-11-05,day,1,2013
Melendi,Tocado y hundido,single,2014-09-16,day,1,2014
Melendi,Un alumno más,album,2014-11-25,day,11,2014
Melendi,Más allá de nuestros recuerdos (Hit),single,2015-01-11,day,1,2015
Melendi,Directo a Septiembre (Gira Un Alumno Más),album,2015-12-04,day,28,2015
Melendi,Quítate las Gafas,album,2016-11-11,day,11,2016
Melendi,Yo me veo contigo,single,2016-11-11,day,1,2016
Melendi,Existen los ángeles,single,2016-11-11,day,1,2016
Melendi,Destino o casualidad,single,2016-11-11,day,1,2016
Melendi,Yo me veo contigo,album,2017-12-08,day,69,2017
Melendi,El Arrepentido,single,2018-01-19,day,1,2018
Melendi,Ahora,album,2018-03-09,day,11,2018
Melendi,Destino o casualidad,single,2018-05-01,day,1,2018
Melendi,Mírame (Acústico),single,2018-06-15,day,1,2018
Melendi,Aves de Paso,single,2018-07-27,day,1,2018
Melendi,Besos a la Lona,single,2018-11-30,day,1,2018
Melendi,El Cielo Nunca Cambiará,single,2019-01-11,day,1,2019
Melendi,Dímelo,single,2019-08-22,day,1,2019
Melendi,Por Encima de la Bruma,single,2019-10-11,day,1,2019
Melendi,El Ciego,single,2019-10-18,day,1,2019
Melendi,10:20:40,album,2019-11-29,day,11,2019
Melendi,Desde cero (con Melendi),single,2021-01-13,day,1,2021
Melendi,La Boca Junta,single,2021-07-29,day,1,2021
Melendi,Simplemente Dilo,single,2021-10-07,day,1,2021
Melendi,Likes y Cicatrices,album,2021-11-05,day,11,2021
Melendi,Virgen de las Nieves,single,2021-11-22,day,1,2021
Melendi,SI ELLA SUPIERA,single,2022-09-02,day,1,2022
Melendi,Pan Para Yolanda,single,2022-10-06,day,1,2022
Melendi,Gracias Por Venir,single,2023-02-11,day,1,2023
Melendi,Con La Luna Llena,single,2023-09-08,day,1,2023
Melendi,Hablando En Plata,single,2023-10-06,day,1,2023
Melendi,Con Solo una Sonrisa,single,2023-10-27,day,1,2023
Melendi,Un Recuerdo Que Olvidar,single,2023-11-09,day,1,2023
Melendi,Sé lo Que Hicisteis (feat. Natos y Waor),single,2023-11-09,day,1,2023
Melendi,Sin Noticias de Holanda,single,2023-11-09,day,1,2023
Melendi,Por Amarte Tanto,single,2023-11-09,day,1,2023
Melendi,Mi Rumbita Pa´ Tus Pies,single,2023-11-09,day,1,2023
Melendi,El Informe del Forense,single,2023-11-09,day,1,2023
Melendi,Echarte a Suertes,single,2023-11-09,day,1,2023
Melendi,Desde Mi Ventana,single,2023-11-09,day,1,2023
Melendi,20 Años Sin Noticias,album,2023-11-10,day,14,2023
Melendi,Llegó la Navidad,single,2023-12-15,day,1,2023
Melendi,Himno del Centenario Real Oviedo,single,2025-07-10,day,1,2025
Melendi,El Secreto De Las Tortugas (MN&M Edition),single,2025-11-07,day,1,2025
Melendi,Fecha de Caducidad,single,2026-02-27,day,1,2026
Melendi,No Me Des la Tabarra,single,2026-03-27,day,1,2026
Melendi,Mentiras Arriesgadas,single,2026-04-24,day,1,2026
Melendi,Pop Rock,album,2026-05-08,day,11,2026
Sidonie,Dragonfly,single,2000-01-01,day,5,2000
Sidonie,Venusian Dreams,single,2001-01-01,year,3,2001
Sidonie,Sidonie,album,2002-01-01,day,12,2002
Sidonie,LET IT SHINE,single,2002-02-01,day,6,2002
Sidonie,Shell Kids,album,2003-09-22,day,14,2003
Sidonie,Fascinado,album,2005-03-17,day,11,2005
Sidonie,Costa Azul,album,2007-06-14,day,11,2007
Sidonie,Los Olvidados (Con Blanca Romero),single,2008-05-13,day,1,2008
Sidonie,Somriu (feat. Love Of Lesbian) [Smile],single,2008-10-08,day,1,2008
Sidonie,El Incendio,album,2009-08-18,day,13,2009
Sidonie,El Bosque,single,2011-09-10,day,1,2011
Sidonie,A Mil Años Luz,single,2011-10-04,day,1,2011
Sidonie,El Fluido Garcia,album,2011-10-18,day,12,2011
Sidonie,Sierra y Canada (Historia de Amor Asincronico),single,2014-02-24,day,1,2014
Sidonie,Sierra y Canada,album,2014-03-24,day,13,2014
Sidonie,Una Guitarra,single,2015-02-02,day,1,2015
Sidonie,Eclipse Personal,single,2015-12-11,day,1,2015
Sidonie,El Peor Grupo del Mundo,album,2016-09-30,day,10,2016
Sidonie,El Peor Grupo del Mundo (Guille Milkyway Remix) / Siglo XX (Edu Martínez Remix),single,2017-10-20,day,2,2017
Sidonie,Maravilloso,single,2018-06-15,day,1,2018
Sidonie,Lo Más Maravilloso,album,2018-11-23,day,20,2018
Sidonie,"Fascinados (feat. Joan Manuel Serrat, Leiva, Vetusta Morla, Iván Ferreiro, Loquillo, Zahara, Dani Martin, Albert Pla, Mikel (Izal), Noni (Lori Meyers), Santi Balmes, Xoel López, Anni B Sweet, Jeanette, Carlos Sadness, Nina (Morgan), Juan Alberto (Niños Mutantes), Miri Ros, Javiera Mena, Jorge Martí (La Habitación Roja), Rafa Val (Viva Suecia), Marc (Dorian), Alondra Bentley, Abraham Boba, CARLANGAS, La Bien Querida, Martí Perarnau IV (Mucho), Nita (Fuel Fandango) & Shuarma (Elefantes))",single,2018-11-23,day,1,2018
Sidonie,Me Llamo Abba (with Kimberley Tell),single,2020-04-09,day,1,2020
Sidonie,Verano del Amor,single,2020-08-21,day,1,2020
Sidonie,El Regreso de Abba,album,2020-10-02,day,23,2020
Sidonie,Verano del Amor (Alexander Som & Ley DJ Remix),single,2021-07-22,day,1,2021
Sidonie,Me Llamo Abba (with Kimberley Tell) [Innmir Remix],single,2021-11-11,day,1,2021
Sidonie,Mi Vida Es la Música (with Delaporte) [Remix],single,2021-11-25,day,1,2021
Sidonie,Me Faltas Mucho,single,2021-12-17,day,1,2021
Sidonie,Nirvana Internacional (Edu Martínez Remix),single,2022-01-27,day,1,2022
Sidonie,Covid (feat. Sidonie),single,2022-02-10,day,1,2022
Sidonie,"Solo Pienso en Ti - Tributo a Víctor Manuel (feat. Dani Martin, Iván Ferreiro, Jorge Drexler, Rozalén & Santi Balmes) [Versión 2022]",single,2022-07-07,day,1,2022
Sidonie,CEDÉ,single,2023-06-23,day,1,2023
Sidonie,No salgo más,single,2023-09-08,day,1,2023
Sidonie,Me gustas todo el rato,single,2023-10-06,day,1,2023
Sidonie,"Marc, Axel y Jes",album,2023-10-27,day,10,2023
Sidonie,Instante,single,2024-02-16,day,1,2024
Sidonie,La matanza de Texas,single,2024-06-10,day,1,2024
Sidonie,Catalan Graffiti,album,2025-11-14,day,12,2025
Ultraligera,Mierda de Fiesta,single,2021-10-15,day,1,2021
Ultraligera,Hasta el Fondo,single,2021-12-10,day,1,2021
Ultraligera,Recuerdos del Baile,single,2022-02-14,day,1,2022
Ultraligera,Si Tú Supieras,single,2022-03-31,day,1,2022
Ultraligera,Europa,single,2022-05-19,day,1,2022
Ultraligera,Mala Manía,single,2022-10-06,day,1,2022
Ultraligera,Amor Amor,single,2023-04-14,day,1,2023
Ultraligera,Europa,single,2023-12-08,day,6,2023
Ultraligera,La Basura,single,2024-05-10,day,1,2024
Ultraligera,Tú No Lo Ves,single,2024-06-21,day,1,2024
Ultraligera,Silla de Mimbre,single,2024-07-19,day,1,2024
Ultraligera,El Pueblo,single,2024-09-26,day,1,2024
Ultraligera,Matanza En El Hotel,single,2024-09-27,day,1,2024
Ultraligera,Nunca Nadie,single,2024-10-18,day,1,2024
Ultraligera,Pelo De Foca,single,2024-11-08,day,1,2024
Ultraligera,Mírame,single,2025-02-07,day,1,2025
Ultraligera,Pelo De Foca,album,2025-03-07,day,12,2025
Ultraligera,LAPSUS,single,2026-02-27,day,1,2026
Ultraligera,CUANDO TODO VAYA MAL,single,2026-03-27,day,1,2026
Ultraligera,TU PROBLEMA,single,2026-04-30,day,1,2026
Ultraligera,ALGUNA PELÍCULA,single,2026-06-19,day,1,2026
Vetusta Morla,Un Día en el Mundo,album,2008-04-21,day,12,2008
Vetusta Morla,Mapas,album,2011-04-21,day,12,2011
Vetusta Morla,Concierto Benéfico por el Conservatorio Narciso Yepes de Lorca (En Directo),album,2013-04-21,day,16,2013
Vetusta Morla,Los Ríos de Alice (Original Game Soundtrack),album,2013-04-21,day,14,2013
Vetusta Morla,La Deriva,album,2014-04-21,day,12,2014
Vetusta Morla,Golpe Maestro,single,2014-04-21,day,1,2014
Vetusta Morla,15151 (En Directo),album,2015-04-21,day,25,2015
Vetusta Morla,Puntos Suspensivos / Profetas de la Mañana,single,2015-04-21,day,2,2015
Vetusta Morla,Un Folio en Blanco,single,2015-04-21,day,1,2015
Vetusta Morla,Cuarteles de Invierno (#magasingle),single,2015-04-21,day,1,2015
Vetusta Morla,"Mismo Sitio, Distinto Lugar",album,2017-11-09,day,10,2017
Vetusta Morla,Palmeras en La Mancha - MSDL,single,2019-12-13,day,1,2019
Vetusta Morla,Punto Sin Retorno - MSDL,single,2020-01-10,day,1,2020
Vetusta Morla,"Mismo Sitio, Distinto Lugar - MSDL",single,2020-03-27,day,1,2020
Vetusta Morla,"Los Abrazos Prohibidos (feat. Alice Wonder, Andrés Suárez, Carlotta Cosials, Christina Rosenvinge, Dani Martin, Depedro, Eva Amaral, Ismael Serrano, Iván Ferreiro, Kase.O, Leiva, Luz Casal, Maika Makovski, Marwán, Nacho Vegas, Nina de Juan, Rozalén, Joaquín Sabina, Santi Balmes & Xoel López)",single,2020-05-08,day,1,2020
Vetusta Morla,Consejo de Sabios - MSDL,single,2020-05-19,day,1,2020
Vetusta Morla,MSDL- Canciones dentro de canciones,album,2020-05-22,day,10,2020
Vetusta Morla,Finisterre,single,2021-07-15,day,1,2021
Vetusta Morla,"Reina de las trincheras (La Hija, Banda Sonora Original)",single,2021-08-26,day,1,2021
Vetusta Morla,La Hija (Banda Sonora Original),album,2021-09-17,day,14,2021
Vetusta Morla,La Virgen de La Humanidad,single,2021-09-29,day,1,2021
Vetusta Morla,Cable a Tierra,album,2021-11-25,day,10,2021
Vetusta Morla,Bailando Hasta el Apagón (Directo Estadio Metropolitano),album,2022-12-16,day,37,2022
Vetusta Morla,FIGURANTES,album,2024-05-31,day,11,2024
Viva Suecia,Los Años,single,2014-07-16,day,1,2014
Viva Suecia,Viva Suecia,single,2014-10-28,day,5,2014
Viva Suecia,Bien por Ti,single,2015-12-04,day,1,2015
Viva Suecia,La Fuerza Mayor,album,2016-02-19,day,11,2016
Viva Suecia,Permiso o Perdón,single,2016-02-19,day,1,2016
Viva Suecia,A Dónde Ir,single,2016-12-02,day,1,2016
Viva Suecia,Hemos Ganado Tiempo,single,2017-02-10,day,1,2017
Viva Suecia,Otros Principios Fundamentales,album,2017-03-03,day,11,2017
Viva Suecia,A Dónde Ir (David Kano Remix),single,2017-05-26,day,1,2017
Viva Suecia,Casi Todo,single,2017-10-20,day,1,2017
Viva Suecia,Otros Principios Fundamentales (Edición Deluxe),album,2017-10-27,day,13,2017
Viva Suecia,Hoy Empieza Todo,single,2018-03-09,day,1,2018
Viva Suecia,Amar el Conflicto (todo Lo Que Importa),single,2018-06-01,day,1,2018
Viva Suecia,Lo Que Te Mereces,single,2019-06-14,day,1,2019
Viva Suecia,Algunos Tenemos Fe,single,2019-09-06,day,1,2019
Viva Suecia,El Milagro,album,2019-10-04,day,11,2019
Viva Suecia,La Voz Del Presidente,single,2021-05-20,day,1,2021
Viva Suecia,Parar La Tierra,single,2021-06-22,day,1,2021
Viva Suecia,No Hemos Aprendido Nada,single,2022-03-24,day,1,2022
Viva Suecia,Justo Cuando El Mundo Apriete,single,2022-05-26,day,1,2022
Viva Suecia,El Rey Desnudo,single,2022-07-20,day,1,2022
Viva Suecia,Lo Siento,single,2022-09-01,day,1,2022
Viva Suecia,El Bien,single,2022-10-03,day,1,2022
Viva Suecia,El Amor De La Clase Que Sea,album,2022-10-06,day,11,2022
Viva Suecia,Últimas Voluntades (Canción Original De La Película),single,2023-03-22,day,1,2023
Viva Suecia,La Voz Del Presidente (DJ Nano Remix),single,2023-09-28,day,1,2023
Viva Suecia,Hablar De Nada,single,2023-11-23,day,1,2023
Viva Suecia,El Amor De La Clase Que Sea (Edición Especial),album,2023-12-14,day,16,2023
Viva Suecia,Alegría De Vivir,single,2024-04-14,day,1,2024
Viva Suecia,La Orilla,single,2024-04-18,day,1,2024
Viva Suecia,Dolor y Gloria,single,2025-02-20,day,1,2025
Viva Suecia,Deja Encendida Una Luz,single,2025-04-24,day,1,2025
Viva Suecia,Sangre,single,2025-06-12,day,1,2025
Viva Suecia,Querer,single,2025-09-11,day,1,2025
Viva Suecia,Hecho En Tiempos De Paz,album,2025-10-09,day,11,2025
Viva Suecia,Dolor y Gloria,single,2026-05-14,day,1,2026
Viva Suecia,Querer (DJ Nano Remix),single,2026-07-23,day,1,2026
